<?xml version = '1.0' encoding = 'utf-8'?>
<!--Generated by Oracle BI Publisher -Dataengine, datamodel:__889598_OD_FA_Cloud_Asset_Register_Data_Model_xdm -->
<DATA_DS><P_START_PERIOD_NAME>SEP-19</P_START_PERIOD_NAME><P_END_PERIOD_NAME>SEP-19</P_END_PERIOD_NAME><P_BOOK_TYPE_CODE>OD US FED</P_BOOK_TYPE_CODE><P_COMPANY/><P_LOCATION/><P_COST_CENTER/><P_LOB/><P_FROM_ASSET_NUMBER>10420</P_FROM_ASSET_NUMBER><P_TO_ASSET_NUMBER>10420</P_TO_ASSET_NUMBER>
	<G_1>
		<ASSET_NUMBER>10420</ASSET_NUMBER><DESCRIPTION>BI PARENT ASSET</DESCRIPTION><BOOK_TYPE_CODE>OD US FED</BOOK_TYPE_CODE><MAJOR>LEASEHOLD IMP</MAJOR><MINOR>OWNED</MINOR><SUBMINOR>15 YR</SUBMINOR><COST>0</COST><DATE_PLACED_IN_SERVICE>1996-05-23T00:00:00.000+00:00</DATE_PLACED_IN_SERVICE><LIFE_IN_MONTHS>  015.00</LIFE_IN_MONTHS><UNITS_ASSIGNED>1</UNITS_ASSIGNED><COMPANY>1150</COMPANY><LOB>13</LOB><COSTCENTER>60310</COSTCENTER><ACCOUNT>722102</ACCOUNT><LOCATION>00389</LOCATION><FA_PERIOD>SEP-19</FA_PERIOD><PRORATE_CONVENTION_CODE>HALF YEAR</PRORATE_CONVENTION_CODE><DEPRICATION_AMT>0</DEPRICATION_AMT><YTD_DEPRICIATION>0</YTD_DEPRICIATION><DEPRN_RESERVE>0</DEPRN_RESERVE><NET_BOOK_VALUE>0</NET_BOOK_VALUE>
	</G_1>
</DATA_DS>
